{"Loss": 0.868988037109375, "Accuracy": 0.5079037800687285, "_timestamp": 1708415812.7560525, "_runtime": 129.80560040473938, "_step": 1, "_wandb": {"runtime": 155}}