{"Loss": 3.4635587993421053, "Accuracy": 0.019014891179839632, "_timestamp": 1708394526.1883934, "_runtime": 715.8511252403259, "_step": 9}