{"Loss": 0.6634593762849507, "Accuracy": 0.5053837342497136, "_timestamp": 1708416522.5410514, "_runtime": 554.9150574207306, "_step": 8, "_wandb": {"runtime": 570}}