{"Loss": 0.42439992804276316, "Accuracy": 0.3761741122565865, "_timestamp": 1708413375.00504, "_runtime": 495.17016983032227, "_step": 5, "_wandb": {"runtime": 524}}