{"Loss": 0.8250379060444079, "Accuracy": 0.5079037800687285, "_timestamp": 1708415599.6544297, "_runtime": 416.37254071235657, "_step": 6, "_wandb": {"runtime": 475}}