{"Loss": 0.6896249871504935, "Accuracy": 0.5060710194730813, "_timestamp": 1708417063.3266501, "_runtime": 506.15667605400085, "_step": 7, "_wandb": {"runtime": 525}}